{"name":"sbt","version":"1.8.2","bspVersion":"2.1.0-M1","languages":["scala"],"argv":["/Users/vpd04/Library/Caches/Coursier/arc/https/github.com/AdoptOpenJDK/openjdk8-binaries/releases/download/jdk8u292-b10/OpenJDK8U-jdk_x64_mac_hotspot_8u292b10.tar.gz/jdk8u292-b10/Contents/Home/jre/bin/java","-Xms100m","-Xmx100m","-classpath","/Users/vpd04/Library/Application Support/JetBrains/IdeaIC2023.1/plugins/Scala/launcher/sbt-launch.jar","-Dsbt.script=/Users/vpd04/Library/Application%20Support/Coursier/bin/sbt","xsbt.boot.Boot","-bsp"]}